{"weights":[{"row":15,"column":20,"elements":[-0.3388517498309991,-0.5152932172509881,-0.6789210337134426,0.10666842967807888,0.3197532211090513,-0.5780919522745123,1.5354183116170417,-0.8575495212636088,0.7809681876814674,0.5770888973394959,0.24228349337057154,0.45563609341390545,-1.0737973225837508,-0.6789565208774628,-0.6823462354352902,0.19737780399259087,-0.6936495070883595,0.5430353067123239,0.9886965656079522,0.8856723308563232,2.2633247975516195,0.02028312491330886,0.13735959581576918,-2.5259128701334498,-0.8398474110183756,-1.1364029162847036,-0.33888661333799377,-0.3268303368079525,-1.4790271520614625,0.2018110266885884,0.18424157236204975,-0.45780138708054177,-0.5288438517779386,-0.8340384844113524,0.5870526066520143,0.2877321636337191,0.13558821375233189,-0.8095352889883749,0.15241561914316116,2.1424230914494766,-0.41437768936157229,0.017362901369006424,0.6258313132740963,0.5426581972754753,-0.44650463982901558,-0.055655334012328697,0.05259708497525728,-0.7622000012661552,0.9002208935348631,0.5515480895590912,0.604701694862873,-1.1146069272645365,-1.0278896077480647,-0.429603314959774,0.7049918407963084,-0.9081520309667843,0.5086214189107298,0.6147252289522867,-0.28083610676195006,-0.9974834821512126,0.40032824581332418,1.2890308455603879,-0.21896473189680955,1.0920956581551718,0.9840092606246502,-0.274026409233169,1.0659136692574978,-0.15085497881731148,-0.033719068224260299,-0.42510410802324785,-0.4461146711179289,0.8564173738029743,-0.29641726334681209,0.3878865694625012,-0.29518092753952498,0.17825070250350806,-0.4934316508938652,0.48592201261982717,-0.2942323856718647,-1.5658162616788687,0.05909055860895693,-0.39048302390085257,0.10486470996167174,1.068740922920064,-0.7657485312227661,0.6583044406770222,-0.7345293305253104,-0.5361908000103766,0.3785012486691113,0.0819203994273835,0.0402861663562617,-0.7765655812650099,0.8027067606374436,0.9632207236111672,-0.5894602936838505,0.1989566740699854,0.21221750473548085,0.3537938025127856,0.9424120475884328,0.8725018065591894,0.7265104205563215,0.27535689402476196,0.9373256459778441,-0.002724058366996185,-0.27630477420449786,0.1667176672277353,0.24502150358944453,-0.2910225726542015,-0.32857889975660817,1.52022385597229,0.3664335012435913,0.38324646226659855,0.6308429152682553,0.587131741216572,-0.627857735621925,0.4837801711167624,-0.8600993361421327,-0.7402391515504134,0.340095160693377,-0.44245075361462229,-0.20131619374770794,0.09950764315086366,-0.7363000870836622,0.16105388772144647,-0.4919766163270811,0.2507981199773417,0.40517887995788429,0.838621884453715,-0.5350506158016373,1.1002880627391303,0.603280226389515,-0.824241149696574,-0.3148126254114807,-0.1962102091143194,-0.3873552987786626,0.09621336161416494,-0.19955186271820048,-0.5894948975804439,0.034181943393702288,-0.9556069463973902,0.3527596959498669,-0.1467886723667644,-1.0608296557488704,0.2400137496272543,-1.3192169610821836,-0.7022294976582444,0.12354553035301108,-0.2742734505935286,0.7598310427004726,0.9791418983087921,-0.9190884729717768,0.4148635272671113,-0.27420319546355378,0.4862595609706504,-0.12937842915974819,-0.80471799102335,-0.9479315573934741,0.35941961924559609,-0.3835685245246525,-0.37927299117430715,0.5917979127947106,0.7909695888729651,-2.1486333458053079,0.44482808981204338,-0.2407532313621994,0.41578574147567429,0.12898495303088354,-0.11118213039553326,-0.8214461008641565,-0.22585936886992442,0.36484561218533786,0.18947677314281465,0.20457706364204937,0.7120652166376598,-2.670607142475321,-0.2738576068129728,-1.1088622641295798,-0.8241055218162988,-0.8492882310291232,0.4151258130198845,0.7909877786337611,-0.47676754735883,0.7249457171598466,-0.4911629855632782,-0.2985843187193796,0.024804986088713733,-1.6943325805722923,0.12305612249389642,-0.4130498170852661,0.0062368951485964889,0.7815198147958826,0.8052781939885276,-0.02503080304165195,0.21219111342135434,-0.263912467188707,-0.10945004165301092,-0.7453325680277914,-0.5799178977868706,0.4419666337280534,0.0007735882528780991,-0.5537455718675304,-0.3124100863933563,0.9033703062361926,-0.5885331920862988,-0.5350049512457851,0.7045457775298125,-0.13830775788084716,0.8119894549457882,0.5725458977026465,0.6710729566076741,-0.3028303652802463,0.12004610979285246,0.49096007743418026,0.44698476074795759,0.31357605242215849,1.154562435347627,0.24731011565716799,-0.730866917858882,-0.23614664201134739,-0.6818475892075639,1.3045876635329883,0.2523058384290877,-0.48003502422676549,0.02923873441109681,-1.0683024231381886,0.04062888089632924,0.7935773213440776,-0.2628549605311905,0.1788153541221389,0.17183325188991817,-1.046382384276629,-0.19642444509585056,0.269722580909729,-0.057408242243911059,-0.13608093095583563,-0.7656761644778136,-0.7925548624370572,-0.14916005128052713,-0.788817942799982,0.8432978211374227,-0.10734635909218338,-0.9845531843155233,0.7826881801497545,-1.5322411224156923,-0.7503001083824987,1.0768187428642567,0.41900286113642495,0.2916582423462206,-1.4909911155700684,0.8572231012052747,0.6244565856257569,0.05481052132519748,0.724302913741788,-0.6090351923680571,-1.2616872297502473,0.10848386267829291,0.3012087702065229,-0.1792010929943053,1.063748698584135,1.2348155212854515,-0.39922222108705798,-0.6411496472297014,0.317619465637069,0.8142901800036313,0.5490137076507892,0.33166682720184328,-0.9797703094915207,0.9586509821110534,0.18529475021757059,-0.8918985510865145,1.0254454612731934,-0.18855574554013855,0.27756103113136568,-0.459251293594769,-0.24215934887361535,0.20958709277219968,0.4724599461663024,0.3405073670618126,-0.9366263333041802,-0.8021092600499005,1.1255508190156794,0.8244436043851273,-0.15368403810138177,0.9222207299774419,0.8997159129228124,-0.5485002268721508,1.792455477495901,-0.6741553348764602,0.6373498425437358,0.7390318771257975,-0.692134637327847,-0.06437256441989292,-0.030513524654723235,1.0749988692173239,0.40718822294158787,0.2616846724892903,0.8155047867905267,-0.38729012430199619,0.011188087251203072,-0.5380566234937325]},{"row":20,"column":4,"elements":[0.5872222350456162,2.440458900687545,0.8902602225489177,-0.0715752516449703,-0.8150811998187126,0.4304207760071863,-0.817027130635929,0.9400677709683682,0.7453226035933929,-0.6534038982660797,-0.06611137423774738,-0.7309455034722517,-0.667612405364266,-0.2925239779193891,0.7128161180425541,0.28896385180329489,0.32075475606101547,-0.6107775484682535,-0.18583597507813599,-0.8731028568504959,-0.31803165949739356,-0.7048748731613159,-0.5263628887801282,0.9190916098823032,0.27344447849631239,1.018997956679334,-0.2719090829295978,0.4697505235671997,0.4440536029160054,-1.0145081749645205,-0.5395852857255662,-0.18282936186997124,-1.061892602510663,-0.7783940216616896,0.896116968534461,-0.8318826783014339,0.6342304362874729,0.1363979328471574,-0.6386002688546384,-1.0376608991355614,0.7332673786422248,-0.3895922224459145,-0.431433055081893,0.27924709782637616,0.3420458079191049,0.4825562912164847,0.7968047395351476,0.7462575630993601,0.15893918779125117,-0.7407035694554796,0.9744026220549813,-0.806235322511522,0.05368258926812519,-0.8674533306325145,-0.8060356988177269,-0.7319106913754306,0.5594596832920216,0.37188373304202729,0.452221228755305,1.1202782268695815,-0.007204079880255065,0.2654877565218374,-0.20852165844950044,-1.9393289133818533,0.8913777247453447,1.0294565566280625,0.8218514997412036,0.5319137895039687,0.4327935341834639,-0.7949549675013847,-0.5601200137322029,-0.10674524997524615,0.7724748100676242,-0.7680711389399217,-0.3410144693212267,0.548450031146055,-0.47531295996907199,-0.5930903361683235,0.7554960619209519,0.5617685292698349]}],"biases":[{"row":1,"column":20,