{"cameraMode":{"drawMode":0,"name":"Shaded","section":"Shading Mode"},"sceneLighting":true,"audioPlay":false,"sceneViewState":{"showFog":true,"showMaterialUpdate":false,"showSkybox":true,"showFlares":true,"showImageEffects":true,"showParticleSystems":true,"showVisualEffectGraphs":true,"m_FxEnabled":true},"in2DMode":false,"pivot":{"x":12.615457534790039,"y":-135.2750244140625,"z":75.78524017333985},"rotation":{"x":0.5122796893119812,"y":0.012881441041827202,"z":-0.007684140931814909,"w":0.8586970567703247},"size":179.45980834960938,"orthographic":true}